Année;Projet;Nom du site;ECHANTILLON;ECHANTILLON;date prélèvement ;Profondeur prélévement (cm);Mode d'usage sol;Sous classe mode d'usage sol;Contexte;% Argile;% Limon;% Sable;Texture (profil);site;Département;Coordonnées (Degré Minute seconde);Latitude (DMS);Longitude (DMS);Coordonnées parcelle (DD);Latitude parcelle (DD);Longitude parcelle (DD);Altitude (m);Pente (%);Type de sol;Climat;Matériau parental ;Lithologie;Teneur en Calcaire (g.kg-1);Pierrosité;Acquisition_IR;Date acquisition IR
2010;Bioindicateur.2;Thil;B10-Th-TS-1;TS1;Mars - avril 2010;0-15;Culture;GC;AB + Travail du sol superficiel;15;26,5;58,5;sablo-limoneux;Thil;Ain (01);"N45°49'9.44"" E5° 2'2.62""";"N45°49'9.44""";"E5° 2'2.62""";45.81929 N, 5.03596 E;45.81929 N;5.03596 E;180;nulle;FLUVIOSOL;Continental océanique dégradé;dépôts d’alluvions;x;220,6;x;En cours;
2010;Bioindicateur.2;Thil;B10-Th-TS-2;TS2;Mars - avril 2010;0-15;Culture;GC;AB + Travail du sol superficiel;15;26,5;58,5;sablo-limoneux;Thil;Ain (01);"N45°49'9.44"" E5° 2'2.62""";"N45°49'9.44""";"E5° 2'2.62""";45.81929 N, 5.03596 E;45.81929 N;5.03596 E;180;nulle;FLUVIOSOL;Continental océanique dégradé;dépôts d’alluvions;x;220,6;x;Faite;
2010;Bioindicateur.2;Thil;B10-Th-TS-3;TS3;Mars - avril 2010;0-15;Culture;GC;AB + Travail du sol superficiel;15;26,5;58,5;sablo-limoneux;Thil;Ain (01);"N45°49'9.44"" E5° 2'2.62""";"N45°49'9.44""";"E5° 2'2.62""";45.81929 N, 5.03596 E;45.81929 N;5.03596 E;180;nulle;FLUVIOSOL;Continental océanique dégradé;dépôts d’alluvions;x;220,6;x;Faite;
2010;Bioindicateur.2;Thil;B10-Th-TS-4;TS4;Mars - avril 2010;0-15;Culture;GC;AB + Travail du sol superficiel;15;26,5;58,5;sablo-limoneux;Thil;Ain (01);"N45°49'9.44"" E5° 2'2.62""";"N45°49'9.44""";"E5° 2'2.62""";45.81929 N, 5.03596 E;45.81929 N;5.03596 E;180;nulle;FLUVIOSOL;Continental océanique dégradé;dépôts d’alluvions;x;220,6;x;Faite;
2010;Bioindicateur.2;Thil;B10-Th-TR-1;TR1;Mars - avril 2010;0-15;Culture;GC;AB + Travail du sol réduit;15;26,5;58,5;sablo-limoneux;Thil;Ain (01);"N45°49'9.44"" E5° 2'2.62""";"N45°49'9.44""";"E5° 2'2.62""";45.81929 N, 5.03596 E;45.81929 N;5.03596 E;180;nulle;FLUVIOSOL;Continental océanique dégradé;dépôts d’alluvions;x;220,6;x;Faite;
2010;Bioindicateur.2;Thil;B10-Th-TR-2;TR2;Mars - avril 2010;0-15;Culture;GC;AB + Travail du sol réduit;15;26,5;58,5;sablo-limoneux;Thil;Ain (01);"N45°49'9.44"" E5° 2'2.62""";"N45°49'9.44""";"E5° 2'2.62""";45.81929 N, 5.03596 E;45.81929 N;5.03596 E;180;nulle;FLUVIOSOL;Continental océanique dégradé;dépôts d’alluvions;x;220,6;x;Faite;
2010;Bioindicateur.2;Thil;B10-Th-TR-3;TR3;Mars - avril 2010;0-15;Culture;GC;AB + Travail du sol réduit;15;26,5;58,5;sablo-limoneux;Thil;Ain (01);"N45°49'9.44"" E5° 2'2.62""";"N45°49'9.44""";"E5° 2'2.62""";45.81929 N, 5.03596 E;45.81929 N;5.03596 E;180;nulle;FLUVIOSOL;Continental océanique dégradé;dépôts d’alluvions;x;220,6;x;Faite;
2010;Bioindicateur.2;Thil;B10-Th-TR-4;TR4;Mars - avril 2010;0-15;Culture;GC;AB + Travail du sol réduit;15;26,5;58,5;sablo-limoneux;Thil;Ain (01);"N45°49'9.44"" E5° 2'2.62""";"N45°49'9.44""";"E5° 2'2.62""";45.81929 N, 5.03596 E;45.81929 N;5.03596 E;180;nulle;FLUVIOSOL;Continental océanique dégradé;dépôts d’alluvions;x;220,6;x;Faite;
2010;Bioindicateur.2;Thil;B10-Th-LA-1;LA1;Mars - avril 2010;0-15;Culture;GC;AB + Labour agronomique;15;26,5;58,5;sablo-limoneux;Thil;Ain (01);"N45°49'9.44"" E5° 2'2.62""";"N45°49'9.44""";"E5° 2'2.62""";45.81929 N, 5.03596 E;45.81929 N;5.03596 E;180;nulle;FLUVIOSOL;Continental océanique dégradé;dépôts d’alluvions;x;220,6;x;Faite;
2010;Bioindicateur.2;Thil;B10-Th-LA-2;LA2;Mars - avril 2010;0-15;Culture;GC;AB + Labour agronomique;15;26,5;58,5;sablo-limoneux;Thil;Ain (01);"N45°49'9.44"" E5° 2'2.62""";"N45°49'9.44""";"E5° 2'2.62""";45.81929 N, 5.03596 E;45.81929 N;5.03596 E;180;nulle;FLUVIOSOL;Continental océanique dégradé;dépôts d’alluvions;x;220,6;x;Faite;
2010;Bioindicateur.2;Thil;B10-Th-LA-3;LA3;Mars - avril 2010;0-15;Culture;GC;AB + Labour agronomique;15;26,5;58,5;sablo-limoneux;Thil;Ain (01);"N45°49'9.44"" E5° 2'2.62""";"N45°49'9.44""";"E5° 2'2.62""";45.81929 N, 5.03596 E;45.81929 N;5.03596 E;180;nulle;FLUVIOSOL;Continental océanique dégradé;dépôts d’alluvions;x;220,6;x;Faite;
2010;Bioindicateur.2;Thil;B10-Th-LA-4;LA4;Mars - avril 2010;0-15;Culture;GC;AB + Labour agronomique;15;26,5;58,5;sablo-limoneux;Thil;Ain (01);"N45°49'9.44"" E5° 2'2.62""";"N45°49'9.44""";"E5° 2'2.62""";45.81929 N, 5.03596 E;45.81929 N;5.03596 E;180;nulle;FLUVIOSOL;Continental océanique dégradé;dépôts d’alluvions;x;220,6;x;Faite;
2010;Bioindicateur.2;Thil;B10-Th-LT-1;LT1;Mars - avril 2010;0-15;Culture;GC;AB + Labour traditionnel;15;26,5;58,5;sablo-limoneux;Thil;Ain (01);"N45°49'9.44"" E5° 2'2.62""";"N45°49'9.44""";"E5° 2'2.62""";45.81929 N, 5.03596 E;45.81929 N;5.03596 E;180;nulle;FLUVIOSOL;Continental océanique dégradé;dépôts d’alluvions;x;220,6;x;Faite;
2010;Bioindicateur.2;Thil;B10-Th-LT-2;LT2;Mars - avril 2010;0-15;Culture;GC;AB + Labour traditionnel;15;26,5;58,5;sablo-limoneux;Thil;Ain (01);"N45°49'9.44"" E5° 2'2.62""";"N45°49'9.44""";"E5° 2'2.62""";45.81929 N, 5.03596 E;45.81929 N;5.03596 E;180;nulle;FLUVIOSOL;Continental océanique dégradé;dépôts d’alluvions;x;220,6;x;Faite;
2010;Bioindicateur.2;Thil;B10-Th-LT-3;LT3;Mars - avril 2010;0-15;Culture;GC;AB + Labour traditionnel;15;26,5;58,5;sablo-limoneux;Thil;Ain (01);"N45°49'9.44"" E5° 2'2.62""";"N45°49'9.44""";"E5° 2'2.62""";45.81929 N, 5.03596 E;45.81929 N;5.03596 E;180;nulle;FLUVIOSOL;Continental océanique dégradé;dépôts d’alluvions;x;220,6;x;Faite;
2010;Bioindicateur.2;Thil;B10-Th-LT-4 ;LT4;Mars - avril 2010;0-15;Culture;GC;AB + Labour traditionnel;15;26,5;58,5;sablo-limoneux;Thil;Ain (01);"N45°49'9.44"" E5° 2'2.62""";"N45°49'9.44""";"E5° 2'2.62""";45.81929 N, 5.03596 E;45.81929 N;5.03596 E;180;nulle;FLUVIOSOL;Continental océanique dégradé;dépôts d’alluvions;x;220,6;x;Faite;
2010;Bioindicateur.2;Yvetot;B10-Yv-PP-1;PP1;Mars - avril 2010;0-15;Prairie;Prairie permanente;Prairie permanente;16,3;63,3;20,4;Limon sablo-argileux;Yvetot;Seine-Maritime (76);;;;49.611181 N,  0.736019 E;49.611181 N;0.736019 E;134;x;NEOLUVISOL;Tempéré océanique;loess sur argile à silex;Craie couverte d'argile à silex;Non carbonaté;x;Faite;
2010;Bioindicateur.2;Yvetot;B10-Yv-PP-2;PP2;Mars - avril 2010;0-15;Prairie;Prairie permanente;Prairie permanente;16,3;63,3;20,4;Limon sablo-argileux;Yvetot;Seine-Maritime (76);;;;49.611181 N,  0.736019 E;49.611181 N;0.736019 E;134;x;NEOLUVISOL;Tempéré océanique;loess sur argile à silex;Craie couverte d'argile à silex;Non carbonaté;x;Faite;
2010;Bioindicateur.2;Yvetot;B10-Yv-PP-3;PP3;Mars - avril 2010;0-15;Prairie;Prairie permanente;Prairie permanente;16,3;63,3;20,4;Limon sablo-argileux;Yvetot;Seine-Maritime (76);;;;49.611181 N,  0.736019 E;49.611181 N;0.736019 E;134;x;NEOLUVISOL;Tempéré océanique;loess sur argile à silex;Craie couverte d'argile à silex;Non carbonaté;x;Faite;
2010;Bioindicateur.2;Yvetot;B10-Yv-PP-4;PP4;Mars - avril 2010;0-15;Prairie;Prairie permanente;Prairie permanente;16,3;63,3;20,4;Limon sablo-argileux;Yvetot;Seine-Maritime (76);;;;49.611181 N,  0.736019 E;49.611181 N;0.736019 E;134;x;NEOLUVISOL;Tempéré océanique;loess sur argile à silex;Craie couverte d'argile à silex;Non carbonaté;x;Faite;
2010;Bioindicateur.2;Yvetot;B10-Yv-SI-1;PRI1;Mars - avril 2010;0-15;Prairie;Prairie de restauration;Prairie de restauration (Sole I);14,1;66,5;19,4;Limon;Yvetot;Seine-Maritime (76);;;;49.6122 N, 0.7403 E;49.6122 N;0.7403 E;137;x;NEOLUVISOL-LUVISOL;Tempéré océanique;loess sur argile à silex;Craie couverte d'argile à silex;Non carbonaté;x;Faite;
2010;Bioindicateur.2;Yvetot;B10-Yv-SI-2;PRI2;Mars - avril 2010;0-15;Prairie;Prairie de restauration;Prairie de restauration (Sole I);14,1;66,5;19,4;Limon;Yvetot;Seine-Maritime (76);;;;49.6122 N, 0.7403 E;49.6122 N;0.7403 E;137;x;NEOLUVISOL-LUVISOL;Tempéré océanique;loess sur argile à silex;Craie couverte d'argile à silex;Non carbonaté;x;Faite;
2010;Bioindicateur.2;Yvetot;B10-Yv-SI-3;PRI3;Mars - avril 2010;0-15;Prairie;Prairie de restauration;Prairie de restauration (Sole I);14,1;66,5;19,4;Limon;Yvetot;Seine-Maritime (76);;;;49.6122 N, 0.7403 E;49.6122 N;0.7403 E;137;x;NEOLUVISOL-LUVISOL;Tempéré océanique;loess sur argile à silex;Craie couverte d'argile à silex;Non carbonaté;x;Faite;
2010;Bioindicateur.2;Yvetot;B10-Yv-SI-4;PRI4;Mars - avril 2010;0-15;Prairie;Prairie de restauration;Prairie de restauration (Sole I);14,1;66,5;19,4;Limon;Yvetot;Seine-Maritime (76);;;;49.6122 N, 0.7403 E;49.6122 N;0.7403 E;137;x;NEOLUVISOL-LUVISOL;Tempéré océanique;loess sur argile à silex;Craie couverte d'argile à silex;Non carbonaté;x;Faite;
2010;Bioindicateur.2;Yvetot;B10-Yv-SII-1;PRII1;Mars - avril 2010;0-15;Prairie;Prairie de restauration;Prairie de restauration (Sole II);12,6;66,4;21;Limon;Yvetot;Seine-Maritime (76);;;;49.611391 N, 0.740773 E;49.611391 N;0.740773 E;134;x;NEOLUVISOL-LUVISOL;Tempéré océanique;loess sur argile à silex;Craie couverte d'argile à silex;Non carbonaté;x;Faite;
2010;Bioindicateur.2;Yvetot;B10-Yv-SII-2;PRII2;Mars - avril 2010;0-15;Prairie;Prairie de restauration;Prairie de restauration (Sole II);12,6;66,4;21;Limon;Yvetot;Seine-Maritime (76);;;;49.611391 N, 0.740773 E;49.611391 N;0.740773 E;134;x;NEOLUVISOL-LUVISOL;Tempéré océanique;loess sur argile à silex;Craie couverte d'argile à silex;Non carbonaté;x;Faite;
2010;Bioindicateur.2;Yvetot;B10-Yv-SII-3;PRII3;Mars - avril 2010;0-15;Prairie;Prairie de restauration;Prairie de restauration (Sole II);12,6;66,4;21;Limon;Yvetot;Seine-Maritime (76);;;;49.611391 N, 0.740773 E;49.611391 N;0.740773 E;134;x;NEOLUVISOL-LUVISOL;Tempéré océanique;loess sur argile à silex;Craie couverte d'argile à silex;Non carbonaté;x;Faite;
2010;Bioindicateur.2;Yvetot;B10-Yv-SII-4;PRII4;Mars - avril 2010;0-15;Prairie;Prairie de restauration;Prairie de restauration (Sole II);12,6;66,4;21;Limon;Yvetot;Seine-Maritime (76);;;;49.611391 N, 0.740773 E;49.611391 N;0.740773 E;134;x;NEOLUVISOL-LUVISOL;Tempéré océanique;loess sur argile à silex;Craie couverte d'argile à silex;Non carbonaté;x;Faite;
2010;Bioindicateur.2;Yvetot;B10-Yv-SIII-1;CBIII1;Mars - avril 2010;0-15;Prairie;Prairie temporaire;Culture de Blé (Sole III);14,4;65,6;20,3;Limon;Yvetot;Seine-Maritime (76);;;;49.610687 N, 0.741309 E;49.610687 N;0.741309 E;133;x;NEOLUVISOL-LUVISOL;Tempéré océanique;loess sur argile à silex;Craie couverte d'argile à silex;Non carbonaté;x;Faite;
2010;Bioindicateur.2;Yvetot;B10-Yv-SIII-2;CBIII2;Mars - avril 2010;0-15;Prairie;Prairie temporaire;Culture de Blé (Sole III);14,4;65,6;20,3;Limon;Yvetot;Seine-Maritime (76);;;;49.610687 N, 0.741309 E;49.610687 N;0.741309 E;133;x;NEOLUVISOL-LUVISOL;Tempéré océanique;loess sur argile à silex;Craie couverte d'argile à silex;Non carbonaté;x;Faite;
2010;Bioindicateur.2;Yvetot;B10-Yv-SIII-3;CBIII3;Mars - avril 2010;0-15;Prairie;Prairie temporaire;Culture de Blé (Sole III);14,4;65,6;20,3;Limon;Yvetot;Seine-Maritime (76);;;;49.610687 N, 0.741309 E;49.610687 N;0.741309 E;133;x;NEOLUVISOL-LUVISOL;Tempéré océanique;loess sur argile à silex;Craie couverte d'argile à silex;Non carbonaté;x;Faite;
2010;Bioindicateur.2;Yvetot;B10-Yv-SIII-4;CBIII4;Mars - avril 2010;0-15;Prairie;Prairie temporaire;Culture de Blé (Sole III);14,4;65,6;20,3;Limon;Yvetot;Seine-Maritime (76);;;;49.610687 N, 0.741309 E;49.610687 N;0.741309 E;133;x;NEOLUVISOL-LUVISOL;Tempéré océanique;loess sur argile à silex;Craie couverte d'argile à silex;Non carbonaté;x;Faite;
2010;Bioindicateur.2;Yvetot;B10-Yv-SIV-1;PT1;Mars - avril 2010;0-15;Prairie;Prairie temporaire;Prairie temporaire (Sole IV);14,7;65,1;20,2;Limon;Yvetot;Seine-Maritime (76);;;;49.609729 N, 0.741700 E;49.609729 N;0.741700 E;132;x;NEOLUVISOL-LUVISOL;Tempéré océanique;loess sur argile à silex;Craie couverte d'argile à silex;Non carbonaté;x;Faite;
2010;Bioindicateur.2;Yvetot;B10-Yv-SIV-2;PT2;Mars - avril 2010;0-15;Prairie;Prairie temporaire;Prairie temporaire (Sole IV);14,7;65,1;20,2;Limon;Yvetot;Seine-Maritime (76);;;;49.609729 N, 0.741700 E;49.609729 N;0.741700 E;132;x;NEOLUVISOL-LUVISOL;Tempéré océanique;loess sur argile à silex;Craie couverte d'argile à silex;Non carbonaté;x;Faite;
2010;Bioindicateur.2;Yvetot;B10-Yv-SIV-3;PT3;Mars - avril 2010;0-15;Prairie;Prairie temporaire;Prairie temporaire (Sole IV);14,7;65,1;20,2;Limon;Yvetot;Seine-Maritime (76);;;;49.609729 N, 0.741700 E;49.609729 N;0.741700 E;132;x;NEOLUVISOL-LUVISOL;Tempéré océanique;loess sur argile à silex;Craie couverte d'argile à silex;Non carbonaté;x;Faite;
2010;Bioindicateur.2;Yvetot;B10-Yv-SIV-4;PT4;Mars - avril 2010;0-15;Prairie;Prairie temporaire;Prairie temporaire (Sole IV);14,7;65,1;20,2;Limon;Yvetot;Seine-Maritime (76);;;;49.609729 N, 0.741700 E;49.609729 N;0.741700 E;132;x;NEOLUVISOL-LUVISOL;Tempéré océanique;loess sur argile à silex;Craie couverte d'argile à silex;Non carbonaté;x;Faite;
2010;Bioindicateur.2;Yvetot;B10-Yv-GC-1;GC1;Mars - avril 2010;0-15;Culture;GC;GC intensive;13,3;67,1;19,6;Limon;Yvetot;Seine-Maritime (76);;;;49.607053 N, 0.716030 E;49.607053 N;0.716030 E;134;x;NEOLUVISOL-LUVISOL;Tempéré océanique;loess sur argile à silex;Craie couverte d'argile à silex;Non carbonaté;x;Faite;
2010;Bioindicateur.2;Yvetot;B10-Yv-GC-2;GC2;Mars - avril 2010;0-15;Culture;GC;GC intensive;13,3;67,1;19,6;Limon;Yvetot;Seine-Maritime (76);;;;49.607053 N, 0.716030 E;49.607053 N;0.716030 E;134;x;NEOLUVISOL-LUVISOL;Tempéré océanique;loess sur argile à silex;Craie couverte d'argile à silex;Non carbonaté;x;Faite;
2010;Bioindicateur.2;Yvetot;B10-Yv-GC-3;GC3;Mars - avril 2010;0-15;Culture;GC;GC intensive;13,3;67,1;19,6;Limon;Yvetot;Seine-Maritime (76);;;;49.607053 N, 0.716030 E;49.607053 N;0.716030 E;134;x;NEOLUVISOL-LUVISOL;Tempéré océanique;loess sur argile à silex;Craie couverte d'argile à silex;Non carbonaté;x;Faite;
2010;Bioindicateur.2;Yvetot;B10-Yv-GC-4;GC4;Mars - avril 2010;0-15;Culture;GC;GC intensive;13,3;67,1;19,6;Limon;Yvetot;Seine-Maritime (76);;;;49.607053 N, 0.716030 E;49.607053 N;0.716030 E;134;x;NEOLUVISOL-LUVISOL;Tempéré océanique;loess sur argile à silex;Craie couverte d'argile à silex;Non carbonaté;x;Faite;
2010;Bioindicateur.2;PS76;B10-F76-1;PS1;Mars - avril 2010;0-15;Forêt;Forêt;Pin sylvestre;7,75;35,6;56,65;Sable limoneux;PS76;Seine-Maritime (76);;;;49.453826406 N, 0.744108095 E;49.453826406 N;0.744108095 E;70;3;PODZOSOL;Tempéré océanique;sables limoneux à silex;argile à silex;x;relativement caillouteux en surface;Faite;
2010;Bioindicateur.2;PS76;B10-F76-2;PS2;Mars - avril 2010;0-15;Forêt;Forêt;Pin sylvestre;7,75;35,6;56,65;Sable limoneux;PS76;Seine-Maritime (76);;;;49.453826406 N, 0.744108095 E;49.453826406 N;0.744108095 E;70;3;PODZOSOL;Tempéré océanique;sables limoneux à silex;argile à silex;x;relativement caillouteux en surface;Faite;
2010;Bioindicateur.2;PS76;B10-F76-3;PS3;Mars - avril 2010;0-15;Forêt;Forêt;Pin sylvestre;7,75;35,6;56,65;Sable limoneux;PS76;Seine-Maritime (76);;;;49.453826406 N, 0.744108095 E;49.453826406 N;0.744108095 E;70;3;PODZOSOL;Tempéré océanique;sables limoneux à silex;argile à silex;x;relativement caillouteux en surface;Faite;
2010;Bioindicateur.2;PS76;B10-F76-4;PS4;Mars - avril 2010;0-15;Forêt;Forêt;Pin sylvestre;7,75;35,6;56,65;Sable limoneux;PS76;Seine-Maritime (76);;;;49.453826406 N, 0.744108095 E;49.453826406 N;0.744108095 E;70;3;PODZOSOL;Tempéré océanique;sables limoneux à silex;argile à silex;x;relativement caillouteux en surface;Faite;
2010;Bioindicateur.2;Gotheron;B10-Go-BS-1;BIOG1;Mars - avril 2010;0-15;Verger;Verger;Pommiers AB;15;30;55;Sable argilo-limoneux;Gotheron;Drôme (26);;;;44.97909 N, 4.92836 E;44.97909 N;4.92836 E;174;x;BRUNISOL Colluvial;Semi-continentale avec des influences méditéranéennes estivales;Cailloutis calcaire;Terrasses anciennes du Rhône du type Diluvium Alpin;x;Caillouteux;Faite;
2010;Bioindicateur.2;Gotheron;B10-Go-BS-2;BIOG2;Mars - avril 2010;0-15;Verger;Verger;Pommiers AB;15;30;55;Sable argilo-limoneux;Gotheron;Drôme (26);;;;44.97909 N, 4.92836 E;44.97909 N;4.92836 E;174;x;BRUNISOL Colluvial;Semi-continentale avec des influences méditéranéennes estivales;Cailloutis calcaire;Terrasses anciennes du Rhône du type Diluvium Alpin;x;Caillouteux;Faite;
2010;Bioindicateur.2;Gotheron;B10-Go-BS-3;BIOG3;Mars - avril 2010;0-15;Verger;Verger;Pommiers AB;15;30;55;Sable argilo-limoneux;Gotheron;Drôme (26);;;;44.97909 N, 4.92836 E;44.97909 N;4.92836 E;174;x;BRUNISOL Colluvial;Semi-continentale avec des influences méditéranéennes estivales;Cailloutis calcaire;Terrasses anciennes du Rhône du type Diluvium Alpin;x;Caillouteux;Faite;
2010;Bioindicateur.2;Gotheron;B10-Go-BS-4;BIOG4;Mars - avril 2010;0-15;Verger;Verger;Pommiers AB;15;30;55;Sable argilo-limoneux;Gotheron;Drôme (26);;;;44.97909 N, 4.92836 E;44.97909 N;4.92836 E;174;x;BRUNISOL Colluvial;Semi-continentale avec des influences méditéranéennes estivales;Cailloutis calcaire;Terrasses anciennes du Rhône du type Diluvium Alpin;x;Caillouteux;Faite;
2010;Bioindicateur.2;Gotheron;B10-Go-BA-1;BIOA1;Mars - avril 2010;0-15;Verger;Verger;Pommiers AB;15;30;55;Sable argilo-limoneux;Gotheron;Drôme (26);;;;44.97909 N, 4.92836 E;44.97909 N;4.92836 E;174;x;BRUNISOL Colluvial;Semi-continentale avec des influences méditéranéennes estivales;Cailloutis calcaire;Terrasses anciennes du Rhône du type Diluvium Alpin;x;Caillouteux;Faite;
2010;Bioindicateur.2;Gotheron;B10-Go-BA-2;BIOA2;Mars - avril 2010;0-15;Verger;Verger;Pommiers AB;15;30;55;Sable argilo-limoneux;Gotheron;Drôme (26);;;;44.97909 N, 4.92836 E;44.97909 N;4.92836 E;174;x;BRUNISOL Colluvial;Semi-continentale avec des influences méditéranéennes estivales;Cailloutis calcaire;Terrasses anciennes du Rhône du type Diluvium Alpin;x;Caillouteux;Faite;
2010;Bioindicateur.2;Gotheron;B10-Go-BA-3;BIOA3;Mars - avril 2010;0-15;Verger;Verger;Pommiers AB;15;30;55;Sable argilo-limoneux;Gotheron;Drôme (26);;;;44.97909 N, 4.92836 E;44.97909 N;4.92836 E;174;x;BRUNISOL Colluvial;Semi-continentale avec des influences méditéranéennes estivales;Cailloutis calcaire;Terrasses anciennes du Rhône du type Diluvium Alpin;x;Caillouteux;Faite;
2010;Bioindicateur.2;Gotheron;B10-Go-BA-4;BIOA4;Mars - avril 2010;0-15;Verger;Verger;Pommiers AB;15;30;55;Sable argilo-limoneux;Gotheron;Drôme (26);;;;44.97909 N, 4.92836 E;44.97909 N;4.92836 E;174;x;BRUNISOL Colluvial;Semi-continentale avec des influences méditéranéennes estivales;Cailloutis calcaire;Terrasses anciennes du Rhône du type Diluvium Alpin;x;Caillouteux;Faite;
2010;Bioindicateur.2;Gotheron;B10-Go-ES-1;ECOG1;Mars - avril 2010;0-15;Verger;Verger;Pommiers économes en intrants;15;30;55;Sable argilo-limoneux;Gotheron;Drôme (26);;;;44.97909 N, 4.92836 E;44.97909 N;4.92836 E;174;x;BRUNISOL Colluvial;Semi-continentale avec des influences méditéranéennes estivales;Cailloutis calcaire;Terrasses anciennes du Rhône du type Diluvium Alpin;x;Caillouteux;Faite;
2010;Bioindicateur.2;Gotheron;B10-Go-ES-2;ECOG2;Mars - avril 2010;0-15;Verger;Verger;Pommiers économes en intrants;15;30;55;Sable argilo-limoneux;Gotheron;Drôme (26);;;;44.97909 N, 4.92836 E;44.97909 N;4.92836 E;174;x;BRUNISOL Colluvial;Semi-continentale avec des influences méditéranéennes estivales;Cailloutis calcaire;Terrasses anciennes du Rhône du type Diluvium Alpin;x;Caillouteux;Faite;
2010;Bioindicateur.2;Gotheron;B10-Go-ES-3;ECOG3;Mars - avril 2010;0-15;Verger;Verger;Pommiers économes en intrants;15;30;55;Sable argilo-limoneux;Gotheron;Drôme (26);;;;44.97909 N, 4.92836 E;44.97909 N;4.92836 E;174;x;BRUNISOL Colluvial;Semi-continentale avec des influences méditéranéennes estivales;Cailloutis calcaire;Terrasses anciennes du Rhône du type Diluvium Alpin;x;Caillouteux;Faite;
2010;Bioindicateur.2;Gotheron;B10-Go-ES-4;ECOG4;Mars - avril 2010;0-15;Verger;Verger;Pommiers économes en intrants;15;30;55;Sable argilo-limoneux;Gotheron;Drôme (26);;;;44.97909 N, 4.92836 E;44.97909 N;4.92836 E;174;x;BRUNISOL Colluvial;Semi-continentale avec des influences méditéranéennes estivales;Cailloutis calcaire;Terrasses anciennes du Rhône du type Diluvium Alpin;x;Caillouteux;Faite;
2010;Bioindicateur.2;Gotheron;B10-Go-EA-1;ECOA1;Mars - avril 2010;0-15;Verger;Verger;Pommiers économes en intrants;15;30;55;Sable argilo-limoneux;Gotheron;Drôme (26);;;;44.97909 N, 4.92836 E;44.97909 N;4.92836 E;174;x;BRUNISOL Colluvial;Semi-continentale avec des influences méditéranéennes estivales;Cailloutis calcaire;Terrasses anciennes du Rhône du type Diluvium Alpin;x;Caillouteux;Faite;
2010;Bioindicateur.2;Gotheron;B10-Go-EA-2;ECOA2;Mars - avril 2010;0-15;Verger;Verger;Pommiers économes en intrants;15;30;55;Sable argilo-limoneux;Gotheron;Drôme (26);;;;44.97909 N, 4.92836 E;44.97909 N;4.92836 E;174;x;BRUNISOL Colluvial;Semi-continentale avec des influences méditéranéennes estivales;Cailloutis calcaire;Terrasses anciennes du Rhône du type Diluvium Alpin;x;Caillouteux;En cours;
2010;Bioindicateur.2;Gotheron;B10-Go-EA-3;ECOA3;Mars - avril 2010;0-15;Verger;Verger;Pommiers économes en intrants;15;30;55;Sable argilo-limoneux;Gotheron;Drôme (26);;;;44.97909 N, 4.92836 E;44.97909 N;4.92836 E;174;x;BRUNISOL Colluvial;Semi-continentale avec des influences méditéranéennes estivales;Cailloutis calcaire;Terrasses anciennes du Rhône du type Diluvium Alpin;x;Caillouteux;Faite;
2010;Bioindicateur.2;Gotheron;B10-Go-EA-4;ECOA4;Mars - avril 2010;0-15;Verger;Verger;Pommiers économes en intrants;15;30;55;Sable argilo-limoneux;Gotheron;Drôme (26);;;;44.97909 N, 4.92836 E;44.97909 N;4.92836 E;174;x;BRUNISOL Colluvial;Semi-continentale avec des influences méditéranéennes estivales;Cailloutis calcaire;Terrasses anciennes du Rhône du type Diluvium Alpin;x;Caillouteux;Faite;
2010;Bioindicateur.2;Gotheron;B10-Go-RS-1;RAIG1;Mars - avril 2010;0-15;Verger;Verger;Pommiers Raisonné;15;30;55;Sable argilo-limoneux;Gotheron;Drôme (26);;;;44.97909 N, 4.92836 E;44.97909 N;4.92836 E;174;x;BRUNISOL Colluvial;Semi-continentale avec des influences méditéranéennes estivales;Cailloutis calcaire;Terrasses anciennes du Rhône du type Diluvium Alpin;x;Caillouteux;Faite;
2010;Bioindicateur.2;Gotheron;B10-Go-RS-2;RAIG2;Mars - avril 2010;0-15;Verger;Verger;Pommiers Raisonné;15;30;55;Sable argilo-limoneux;Gotheron;Drôme (26);;;;44.97909 N, 4.92836 E;44.97909 N;4.92836 E;174;x;BRUNISOL Colluvial;Semi-continentale avec des influences méditéranéennes estivales;Cailloutis calcaire;Terrasses anciennes du Rhône du type Diluvium Alpin;x;Caillouteux;Faite;
2010;Bioindicateur.2;Gotheron;B10-Go-RS-3;RAIG3;Mars - avril 2010;0-15;Verger;Verger;Pommiers Raisonné;15;30;55;Sable argilo-limoneux;Gotheron;Drôme (26);;;;44.97909 N, 4.92836 E;44.97909 N;4.92836 E;174;x;BRUNISOL Colluvial;Semi-continentale avec des influences méditéranéennes estivales;Cailloutis calcaire;Terrasses anciennes du Rhône du type Diluvium Alpin;x;Caillouteux;Faite;
2010;Bioindicateur.2;Gotheron;B10-Go-RS-4;RAIG4;Mars - avril 2010;0-15;Verger;Verger;Pommiers Raisonné;15;30;55;Sable argilo-limoneux;Gotheron;Drôme (26);;;;44.97909 N, 4.92836 E;44.97909 N;4.92836 E;174;x;BRUNISOL Colluvial;Semi-continentale avec des influences méditéranéennes estivales;Cailloutis calcaire;Terrasses anciennes du Rhône du type Diluvium Alpin;x;Caillouteux;Faite;
2010;Bioindicateur.2;Gotheron;B10-Go-RA-1;RAIA1;Mars - avril 2010;0-15;Verger;Verger;Pommiers Raisonné;15;30;55;Sable argilo-limoneux;Gotheron;Drôme (26);;;;44.97909 N, 4.92836 E;44.97909 N;4.92836 E;174;x;BRUNISOL Colluvial;Semi-continentale avec des influences méditéranéennes estivales;Cailloutis calcaire;Terrasses anciennes du Rhône du type Diluvium Alpin;x;Caillouteux;Faite;
2010;Bioindicateur.2;Gotheron;B10-Go-RA-2;RAIA2;Mars - avril 2010;0-15;Verger;Verger;Pommiers Raisonné;15;30;55;Sable argilo-limoneux;Gotheron;Drôme (26);;;;44.97909 N, 4.92836 E;44.97909 N;4.92836 E;174;x;BRUNISOL Colluvial;Semi-continentale avec des influences méditéranéennes estivales;Cailloutis calcaire;Terrasses anciennes du Rhône du type Diluvium Alpin;x;Caillouteux;Faite;
2010;Bioindicateur.2;Gotheron;B10-Go-RA-3;RAIA3;Mars - avril 2010;0-15;Verger;Verger;Pommiers Raisonné;15;30;55;Sable argilo-limoneux;Gotheron;Drôme (26);;;;44.97909 N, 4.92836 E;44.97909 N;4.92836 E;174;x;BRUNISOL Colluvial;Semi-continentale avec des influences méditéranéennes estivales;Cailloutis calcaire;Terrasses anciennes du Rhône du type Diluvium Alpin;x;Caillouteux;Faite;
2010;Bioindicateur.2;Gotheron;B10-Go-RA-4;RAIA4;Mars - avril 2010;0-15;Verger;Verger;Pommiers Raisonné;15;30;55;Sable argilo-limoneux;Gotheron;Drôme (26);;;;44.97909 N, 4.92836 E;44.97909 N;4.92836 E;174;x;BRUNISOL Colluvial;Semi-continentale avec des influences méditéranéennes estivales;Cailloutis calcaire;Terrasses anciennes du Rhône du type Diluvium Alpin;x;Caillouteux;Faite;
2010;Bioindicateur.2;Auzon;B10-Au-BTé-1;BTEM1;Mars - avril 2010;0-15;Forêt;Forêt;Contamination en arsenic - Bois témoin (BTé);13,89728097;30,11077543;55,99194361;sable argilo-limoneux;Auzon;Haute Loire (43);"45°23’17.59"" N 3°21’23.26"" E";"45°23’17.59"" N";"3°21’23.26"" E";45.388219444 N, 3.356461111 E;45.388219444 N;3.356461111 E;406;x;x;Continental avec influences océaniques;Alluvions;Migmatiques gneissiques;x;x;Faite;
2010;Bioindicateur.2;Auzon;B10-Au-BTé-2;BTEM2;Mars - avril 2010;0-15;Forêt;Forêt;Contamination en arsenic - Bois témoin (BTé);13,89728097;30,11077543;55,99194361;sable argilo-limoneux;Auzon;Haute Loire (43);"45°23’17.59"" N 3°21’23.26"" E";"45°23’17.59"" N";"3°21’23.26"" E";45.388219444 N, 3.356461111 E;45.388219444 N;3.356461111 E;406;x;x;Continental avec influences océaniques;Alluvions;Migmatiques gneissiques;x;x;Faite;
2010;Bioindicateur.2;Auzon;B10-Au-BTé-3;BTEM3;Mars - avril 2010;0-15;Forêt;Forêt;Contamination en arsenic - Bois témoin (BTé);13,89728097;30,11077543;55,99194361;sable argilo-limoneux;Auzon;Haute Loire (43);"45°23’17.59"" N 3°21’23.26"" E";"45°23’17.59"" N";"3°21’23.26"" E";45.388219444 N, 3.356461111 E;45.388219444 N;3.356461111 E;406;x;x;Continental avec influences océaniques;Alluvions;Migmatiques gneissiques;x;x;Faite;
2010;Bioindicateur.2;Auzon;B10-Au-BTé-4;BTEM4;Mars - avril 2010;0-15;Forêt;Forêt;Contamination en arsenic - Bois témoin (BTé);13,89728097;30,11077543;55,99194361;sable argilo-limoneux;Auzon;Haute Loire (43);"45°23’17.59"" N 3°21’23.26"" E";"45°23’17.59"" N";"3°21’23.26"" E";45.388219444 N, 3.356461111 E;45.388219444 N;3.356461111 E;406;x;x;Continental avec influences océaniques;Alluvions;Migmatiques gneissiques;x;x;Faite;
2010;Bioindicateur.2;Auzon;B10-Au-PTé-1;PTEM1;Mars - avril 2010;0-15;Prairie;Prairie;Contamination en arsenic - Prairie témoin (PTé);9,4;18,7;71,9;sableux;Auzon;Haute Loire (43);"45°23’17.59"" N 3°21’23.26"" E";"45°23’17.59"" N";"3°21’23.26"" E";45.388219444 N, 3.356461111 E;45.388219444 N;3.356461111 E;406;x;x;Continental avec influences océaniques;Alluvions;Migmatiques gneissiques;x;x;Faite;
2010;Bioindicateur.2;Auzon;B10-Au-PTé-2;PTEM2;Mars - avril 2010;0-15;Prairie;Prairie;Contamination en arsenic - Prairie témoin (PTé);9,4;18,7;71,9;sableux;Auzon;Haute Loire (43);"45°23’17.59"" N 3°21’23.26"" E";"45°23’17.59"" N";"3°21’23.26"" E";45.388219444 N, 3.356461111 E;45.388219444 N;3.356461111 E;406;x;x;Continental avec influences océaniques;Alluvions;Migmatiques gneissiques;x;x;Faite;
2010;Bioindicateur.2;Auzon;B10-Au-PTé-3;PTEM3;Mars - avril 2010;0-15;Prairie;Prairie;Contamination en arsenic - Prairie témoin (PTé);9,4;18,7;71,9;sableux;Auzon;Haute Loire (43);"45°23’17.59"" N 3°21’23.26"" E";"45°23’17.59"" N";"3°21’23.26"" E";45.388219444 N, 3.356461111 E;45.388219444 N;3.356461111 E;406;x;x;Continental avec influences océaniques;Alluvions;Migmatiques gneissiques;x;x;Faite;
2010;Bioindicateur.2;Auzon;B10-Au-PTé-4;PTEM4;Mars - avril 2010;0-15;Prairie;Prairie;Contamination en arsenic - Prairie témoin (PTé);9,4;18,7;71,9;sableux;Auzon;Haute Loire (43);"45°23’17.59"" N 3°21’23.26"" E";"45°23’17.59"" N";"3°21’23.26"" E";45.388219444 N, 3.356461111 E;45.388219444 N;3.356461111 E;406;x;x;Continental avec influences océaniques;Alluvions;Migmatiques gneissiques;x;x;Faite;
2010;Bioindicateur.2;Auzon;B10-Au-OBTé-1;OBTEM1;Mars - avril 2010;0-15;Forêt;Forêt;Contamination en arsenic - Ourlet boisé témoin (OBTé);14,75;22,45;62,8;sable argileux;Auzon;Haute Loire (43);"45°23’14.62"" N 3°21’58.73"" E";"45°23’14.62"" N ";"3°21’58.73"" E";45.387394444 N, 3.366313889 E;45.387394444 N;3.366313889 E;466;x;x;Continental avec influences océaniques;Alluvions;Migmatiques gneissiques;x;x;Faite;
2010;Bioindicateur.2;Auzon;B10-Au-OBTé-2;OBTEM2;Mars - avril 2010;0-15;Forêt;Forêt;Contamination en arsenic - Ourlet boisé témoin (OBTé);14,75;22,45;62,8;sable argileux;Auzon;Haute Loire (43);"45°23’14.62"" N 3°21’58.73"" E";"45°23’14.62"" N ";"3°21’58.73"" E";45.387394444 N, 3.366313889 E;45.387394444 N;3.366313889 E;466;x;x;Continental avec influences océaniques;Alluvions;Migmatiques gneissiques;x;x;En cours;
2010;Bioindicateur.2;Auzon;B10-Au-OBTé-3;OBTEM3;Mars - avril 2010;0-15;Forêt;Forêt;Contamination en arsenic - Ourlet boisé témoin (OBTé);14,75;22,45;62,8;sable argileux;Auzon;Haute Loire (43);"45°23’14.62"" N 3°21’58.73"" E";"45°23’14.62"" N ";"3°21’58.73"" E";45.387394444 N, 3.366313889 E;45.387394444 N;3.366313889 E;466;x;x;Continental avec influences océaniques;Alluvions;Migmatiques gneissiques;x;x;Faite;
2010;Bioindicateur.2;Auzon;B10-Au-OBTé-4;OBTEM4;Mars - avril 2010;0-15;Forêt;Forêt;Contamination en arsenic - Ourlet boisé témoin (OBTé);14,75;22,45;62,8;sable argileux;Auzon;Haute Loire (43);"45°23’14.62"" N 3°21’58.73"" E";"45°23’14.62"" N ";"3°21’58.73"" E";45.387394444 N, 3.366313889 E;45.387394444 N;3.366313889 E;466;x;x;Continental avec influences océaniques;Alluvions;Migmatiques gneissiques;x;x;Faite;
2010;Bioindicateur.2;Auzon;B10-Au-BCo-1;BCON1;Mars - avril 2010;0-15;Forêt;Forêt contaminée;Contamination en arsenic -Bois contaminé (BCo);14,8;27,85;57,35;sable argilo-limoneux;Auzon;Haute Loire (43);"45°23’12.25"" N 3°21’32.44"" E";"45°23’12.25"" N ";"3°21’32.44"" E";45.386805556 N, 3.35901111 E;45.386805556 N;3.35901111 E;407;x;x;Continental avec influences océaniques;Alluvions;Migmatiques gneissiques;x;x;Faite;
2010;Bioindicateur.2;Auzon;B10-Au-BCo-2;BCON2;Mars - avril 2010;0-15;Forêt;Forêt contaminée;Contamination en arsenic -Bois contaminé (BCo);14,8;27,85;57,35;sable argilo-limoneux;Auzon;Haute Loire (43);"45°23’12.25"" N 3°21’32.44"" E";"45°23’12.25"" N ";"3°21’32.44"" E";45.386805556 N, 3.35901111 E;45.386805556 N;3.35901111 E;407;x;x;Continental avec influences océaniques;Alluvions;Migmatiques gneissiques;x;x;Faite;
2010;Bioindicateur.2;Auzon;B10-Au-BCo-3;BCON3;Mars - avril 2010;0-15;Forêt;Forêt contaminée;Contamination en arsenic -Bois contaminé (BCo);14,8;27,85;57,35;sable argilo-limoneux;Auzon;Haute Loire (43);"45°23’12.25"" N 3°21’32.44"" E";"45°23’12.25"" N ";"3°21’32.44"" E";45.386805556 N, 3.35901111 E;45.386805556 N;3.35901111 E;407;x;x;Continental avec influences océaniques;Alluvions;Migmatiques gneissiques;x;x;Faite;
2010;Bioindicateur.2;Auzon;B10-Au-BCo-4;BCON4;Mars - avril 2010;0-15;Forêt;Forêt contaminée;Contamination en arsenic -Bois contaminé (BCo);14,8;27,85;57,35;sable argilo-limoneux;Auzon;Haute Loire (43);"45°23’12.25"" N 3°21’32.44"" E";"45°23’12.25"" N ";"3°21’32.44"" E";45.386805556 N, 3.35901111 E;45.386805556 N;3.35901111 E;407;x;x;Continental avec influences océaniques;Alluvions;Migmatiques gneissiques;x;x;Faite;
2010;Bioindicateur.2;Auzon;B10-Au-BHCo-1;BHCON1;Mars - avril 2010;0-15;Forêt;Forêt contaminée;Contamination en arsenic -Bois hydromorphe contaminé (BHCo);23,55269668;42,2068283;34,24047501;limon argilo-sableux;Auzon;Haute Loire (43);"45°23’12.25"" N 3°21’32.44"" E";"45°23’12.25"" N ";"3°21’32.44"" E";45.386805556 N, 3.35901111 E;45.386805556 N;3.35901111 E;407;x;x;Continental avec influences océaniques;Alluvions;Migmatiques gneissiques;x;x;Faite;
2010;Bioindicateur.2;Auzon;B10-Au-BHCo-2;BHCON2;Mars - avril 2010;0-15;Forêt;Forêt contaminée;Contamination en arsenic -Bois hydromorphe contaminé (BHCo);23,55269668;42,2068283;34,24047501;limon argilo-sableux;Auzon;Haute Loire (43);"45°23’12.25"" N 3°21’32.44"" E";"45°23’12.25"" N ";"3°21’32.44"" E";45.386805556 N, 3.35901111 E;45.386805556 N;3.35901111 E;407;x;x;Continental avec influences océaniques;Alluvions;Migmatiques gneissiques;x;x;Faite;
2010;Bioindicateur.2;Auzon;B10-Au-BHCo-3;BHCON3;Mars - avril 2010;0-15;Forêt;Forêt contaminée;Contamination en arsenic -Bois hydromorphe contaminé (BHCo);23,55269668;42,2068283;34,24047501;limon argilo-sableux;Auzon;Haute Loire (43);"45°23’12.25"" N 3°21’32.44"" E";"45°23’12.25"" N ";"3°21’32.44"" E";45.386805556 N, 3.35901111 E;45.386805556 N;3.35901111 E;407;x;x;Continental avec influences océaniques;Alluvions;Migmatiques gneissiques;x;x;Faite;
2010;Bioindicateur.2;Auzon;B10-Au-BHCo-4;BHCON4;Mars - avril 2010;0-15;Forêt;Forêt contaminée;Contamination en arsenic -Bois hydromorphe contaminé (BHCo);23,55269668;42,2068283;34,24047501;limon argilo-sableux;Auzon;Haute Loire (43);"45°23’12.25"" N 3°21’32.44"" E";"45°23’12.25"" N ";"3°21’32.44"" E";45.386805556 N, 3.35901111 E;45.386805556 N;3.35901111 E;407;x;x;Continental avec influences océaniques;Alluvions;Migmatiques gneissiques;x;x;Faite;
2010;Bioindicateur.2;Auzon;B10-Au-FCo-1;FCON1;Mars - avril 2010;0-15;Forêt;Friche contaminée;Contamination en arsenic -Friche contaminée (FCo);10,07157464;17,07566462;72,85276074;sableux;Auzon;Haute Loire (43);"45°23’12.25"" N 3°21’32.44"" E";"45°23’12.25"" N ";"3°21’32.44"" E";45.386805556 N, 3.35901111 E;45.386805556 N;3.35901111 E;407;x;x;Continental avec influences océaniques;Alluvions;Migmatiques gneissiques;x;x;Faite;
2010;Bioindicateur.2;Auzon;B10-Au-FCo-2;FCON2;Mars - avril 2010;0-15;Forêt;Friche contaminée;Contamination en arsenic -Friche contaminée (FCo);10,07157464;17,07566462;72,85276074;sableux;Auzon;Haute Loire (43);"45°23’12.25"" N 3°21’32.44"" E";"45°23’12.25"" N ";"3°21’32.44"" E";45.386805556 N, 3.35901111 E;45.386805556 N;3.35901111 E;407;x;x;Continental avec influences océaniques;Alluvions;Migmatiques gneissiques;x;x;Faite;
2010;Bioindicateur.2;Auzon;B10-Au-FCo-3;FCON3;Mars - avril 2010;0-15;Forêt;Friche contaminée;Contamination en arsenic -Friche contaminée (FCo);10,07157464;17,07566462;72,85276074;sableux;Auzon;Haute Loire (43);"45°23’12.25"" N 3°21’32.44"" E";"45°23’12.25"" N ";"3°21’32.44"" E";45.386805556 N, 3.35901111 E;45.386805556 N;3.35901111 E;407;x;x;Continental avec influences océaniques;Alluvions;Migmatiques gneissiques;x;x;Faite;
2010;Bioindicateur.2;Auzon;B10-Au-FCo-4;FCON4;Mars - avril 2010;0-15;Forêt;Friche contaminée;Contamination en arsenic -Friche contaminée (FCo);10,07157464;17,07566462;72,85276074;sableux;Auzon;Haute Loire (43);"45°23’12.25"" N 3°21’32.44"" E";"45°23’12.25"" N ";"3°21’32.44"" E";45.386805556 N, 3.35901111 E;45.386805556 N;3.35901111 E;407;x;x;Continental avec influences océaniques;Alluvions;Migmatiques gneissiques;x;x;Faite;
2010;Bioindicateur.2;Auzon;B10-Au-OBCo-1;OBCON1;Mars - avril 2010;0-15;Forêt;Forêt contaminée;Contamination en arsenic - Ourlet boisé contaminé (OBCo);8,835143139;16,43632774;74,72852912;sableux;Auzon;Haute Loire (43);"45°23’12.25"" N 3°21’32.44"" E";"45°23’12.25"" N ";"3°21’32.44"" E";45.386805556 N, 3.35901111 E;45.386805556 N;3.35901111 E;407;x;x;Continental avec influences océaniques;Alluvions;Migmatiques gneissiques;x;x;Faite;
2010;Bioindicateur.2;Auzon;B10-Au-OBCo-2;OBCON2;Mars - avril 2010;0-15;Forêt;Forêt contaminée;Contamination en arsenic - Ourlet boisé contaminé (OBCo);8,835143139;16,43632774;74,72852912;sableux;Auzon;Haute Loire (43);"45°23’12.25"" N 3°21’32.44"" E";"45°23’12.25"" N ";"3°21’32.44"" E";45.386805556 N, 3.35901111 E;45.386805556 N;3.35901111 E;407;x;x;Continental avec influences océaniques;Alluvions;Migmatiques gneissiques;x;x;Faite;
2010;Bioindicateur.2;Auzon;B10-Au-OBCo-3;OBCON3;Mars - avril 2010;0-15;Forêt;Forêt contaminée;Contamination en arsenic - Ourlet boisé contaminé (OBCo);8,835143139;16,43632774;74,72852912;sableux;Auzon;Haute Loire (43);"45°23’12.25"" N 3°21’32.44"" E";"45°23’12.25"" N ";"3°21’32.44"" E";45.386805556 N, 3.35901111 E;45.386805556 N;3.35901111 E;407;x;x;Continental avec influences océaniques;Alluvions;Migmatiques gneissiques;x;x;Faite;
2010;Bioindicateur.2;Auzon;B10-Au-OBCo-4;OBCON4;Mars - avril 2010;0-15;Forêt;Forêt contaminée;Contamination en arsenic - Ourlet boisé contaminé (OBCo);8,835143139;16,43632774;74,72852912;sableux;Auzon;Haute Loire (43);"45°23’12.25"" N 3°21’32.44"" E";"45°23’12.25"" N ";"3°21’32.44"" E";45.386805556N, 3.35901111 E;45.386805556 N;3.35901111 E;407;x;x;Continental avec influences océaniques;Alluvions;Migmatiques gneissiques;x;x;Faite;
2010;Bioindicateur.2;EPC 63;B10-F63-1;EC1;Mars - avril 2010;0-15;Forêt;Forêt;Epicéa;25,83081571;41,33937563;32,82980866;limon argilo-sableux;EPC 63;Puy de Dôme (63);;;; 45.754867327 N, 2.966117444 E; 45.754867327 N; 2.966117444 E;950;1;ANDOSOL;Continental;Scories basaltiques et trachytiques;Basalte et scories;x;Faible;Faite;
2010;Bioindicateur.2;EPC 63;B10-F63-2;EC2;Mars - avril 2010;0-15;Forêt;Forêt;Epicéa;25,83081571;41,33937563;32,82980866;limon argilo-sableux;EPC 63;Puy de Dôme (63);;;; 45.754867327 N, 2.966117444 E; 45.754867327 N; 2.966117444 E;950;1;ANDOSOL;Continental;Scories basaltiques et trachytiques;Basalte et scories;x;Faible;Faite;
2010;Bioindicateur.2;EPC 63;B10-F63-3;EC3;Mars - avril 2010;0-15;Forêt;Forêt;Epicéa;25,83081571;41,33937563;32,82980866;limon argilo-sableux;EPC 63;Puy de Dôme (63);;;; 45.754867327 N, 2.966117444 E; 45.754867327 N; 2.966117444 E;950;1;ANDOSOL;Continental;Scories basaltiques et trachytiques;Basalte et scories;x;Faible;Faite;
2010;Bioindicateur.2;EPC 63;B10-F63-4;EC4;Mars - avril 2010;0-15;Forêt;Forêt;Epicéa;25,83081571;41,33937563;32,82980866;limon argilo-sableux;EPC 63;Puy de Dôme (63);;;; 45.754867327 N, 2.966117444 E; 45.754867327 N; 2.966117444 E;950;1;ANDOSOL;Continental;Scories basaltiques et trachytiques;Basalte et scories;x;Faible;Faite;
2010;Bioindicateur.2;St Etienne;B10-StE-A-1;GVEG1;Mars - avril 2010;0-15;Végétation/Friche;Végétation contaminée;Contamination polymétallique-colonisation végétale ancienne;4,884189325;14,24974824;80,86606244;sable;St Etienne;Loire (42);;;;45.535402 N, 4.636074 E;45.535402 N;4.636074 E;225;x;TECHNOSOL;Semi-continental;Alluvions grossières sablo-caillouteuses;x;hétérogène (27,9 à 118);x;En cours;
2010;Bioindicateur.2;St Etienne;B10-StE-A-2;GVEG2;Mars - avril 2010;0-15;Végétation/Friche;Végétation contaminée;Contamination polymétallique-colonisation végétale ancienne;4,884189325;14,24974824;80,86606244;sable;St Etienne;Loire (42);;;;45.535402 N, 4.636074 E;45.535402 N;4.636074 E;225;x;TECHNOSOL;Semi-continental;Alluvions grossières sablo-caillouteuses;x;hétérogène (27,9 à 118);x;Faite;
2010;Bioindicateur.2;St Etienne;B10-StE-A-3;GVEG3;Mars - avril 2010;0-15;Végétation/Friche;Végétation contaminée;Contamination polymétallique-colonisation végétale ancienne;4,884189325;14,24974824;80,86606244;sable;St Etienne;Loire (42);;;;45.535402 N, 4.636074 E;45.535402 N;4.636074 E;225;x;TECHNOSOL;Semi-continental;Alluvions grossières sablo-caillouteuses;x;hétérogène (27,9 à 118);x;Faite;
2010;Bioindicateur.2;St Etienne;B10-StE-A-4;GVEG4;Mars - avril 2010;0-15;Végétation/Friche;Végétation contaminée;Contamination polymétallique-colonisation végétale ancienne;4,884189325;14,24974824;80,86606244;sable;St Etienne;Loire (42);;;;45.535402 N, 4.636074 E;45.535402 N;4.636074 E;225;x;TECHNOSOL;Semi-continental;Alluvions grossières sablo-caillouteuses;x;hétérogène (27,9 à 118);x;Faite;
2010;Bioindicateur.2;St Etienne;B10-StE-I-1;MVEG1;Mars - avril 2010;0-15;Végétation/Friche;Végétation contaminée;Contamination polymétallique-colonisation végétale intermédiaire;4,472361809;13,16582915;82,36180905;sable;St Etienne;Loire (42);;;;45.535402 N, 4.636074 E;45.535402 N;4.636074 E;225;x;TECHNOSOL;Semi-continental;Alluvions grossières sablo-caillouteuses;x;hétérogène (27,9 à 118);x;Faite;
2010;Bioindicateur.2;St Etienne;B10-StE-I-2;MVEG2;Mars - avril 2010;0-15;Végétation/Friche;Végétation contaminée;Contamination polymétallique-colonisation végétale intermédiaire;4,472361809;13,16582915;82,36180905;sable;St Etienne;Loire (42);;;;45.535402 N, 4.636074 E;45.535402 N;4.636074 E;225;x;TECHNOSOL;Semi-continental;Alluvions grossières sablo-caillouteuses;x;hétérogène (27,9 à 118);x;Faite;
2010;Bioindicateur.2;St Etienne;B10-StE-I-3;MVEG3;Mars - avril 2010;0-15;Végétation/Friche;Végétation contaminée;Contamination polymétallique-colonisation végétale intermédiaire;4,472361809;13,16582915;82,36180905;sable;St Etienne;Loire (42);;;;45.535402 N, 4.636074 E;45.535402 N;4.636074 E;225;x;TECHNOSOL;Semi-continental;Alluvions grossières sablo-caillouteuses;x;hétérogène (27,9 à 118);x;Faite;
2010;Bioindicateur.2;St Etienne;B10-StE-I-4;MVEG4;Mars - avril 2010;0-15;Végétation/Friche;Végétation contaminée;Contamination polymétallique-colonisation végétale intermédiaire;4,472361809;13,16582915;82,36180905;sable;St Etienne;Loire (42);;;;45.535402 N, 4.636074 E;45.535402 N;4.636074 E;225;x;TECHNOSOL;Semi-continental;Alluvions grossières sablo-caillouteuses;x;hétérogène (27,9 à 118);x;Faite;
2010;Bioindicateur.2;St Etienne;B10-StE-R-1;FVEG1;Mars - avril 2010;0-15;Végétation/Friche;Végétation contaminée;Contamination polymétallique-colonisation végétale récent;3,363453815;7,730923695;88,90562249;sable;St Etienne;Loire (42);;;;45.535402 N, 4.636074 E;45.535402 N;4.636074 E;225;x;TECHNOSOL;Semi-continental;Alluvions grossières sablo-caillouteuses;x;hétérogène (27,9 à 118);x;Faite;
2010;Bioindicateur.2;St Etienne;B10-StE-R-2;FVEG2;Mars - avril 2010;0-15;Végétation/Friche;Végétation contaminée;Contamination polymétallique-colonisation végétale récent;3,363453815;7,730923695;88,90562249;sable;St Etienne;Loire (42);;;;45.535402 N, 4.636074 E;45.535402 N;4.636074 E;225;x;TECHNOSOL;Semi-continental;Alluvions grossières sablo-caillouteuses;x;hétérogène (27,9 à 118);x;Faite;
2010;Bioindicateur.2;St Etienne;B10-StE-R-3;FVEG3;Mars - avril 2010;0-15;Végétation/Friche;Végétation contaminée;Contamination polymétallique-colonisation végétale récent;3,363453815;7,730923695;88,90562249;sable;St Etienne;Loire (42);;;;45.535402 N, 4.636074 E;45.535402 N;4.636074 E;225;x;TECHNOSOL;Semi-continental;Alluvions grossières sablo-caillouteuses;x;hétérogène (27,9 à 118);x;Faite;
2010;Bioindicateur.2;St Etienne;B10-StE-R-4;FVEG4;Mars - avril 2010;0-15;Végétation/Friche;Végétation contaminée;Contamination polymétallique-colonisation végétale récent;3,363453815;7,730923695;88,90562249;sable;St Etienne;Loire (42);;;;45.535402 N, 4.636074 E;45.535402 N;4.636074 E;225;x;TECHNOSOL;Semi-continental;Alluvions grossières sablo-caillouteuses;x;hétérogène (27,9 à 118);x;Faite;
2009;Bioindicateur.2;Feucherolles;B09-Fe-Té-1;TEM1;Mars - avril 2009;0-15;Culture;GC;Culture témoin;15,48033848;77,89945246;6,620209059;Limon argileux;Feucherolles;Yvelines (78);;;;48.89634194 N, 1.97352350 E;48.89634194 N;1.97352350 E;219;x;LUVISOL;Tempéré océanique;Loess;x;Non carbonaté;x;Faite;
2009;Bioindicateur.2;Feucherolles;B09-Fe-Té-2;TEM2;Mars - avril 2009;0-15;Culture;GC;Culture témoin;15,48033848;77,89945246;6,620209059;Limon argileux;Feucherolles;Yvelines (78);;;;48.89634194 N, 1.97352350 E;48.89634194 N;1.97352350 E;219;x;LUVISOL;Tempéré océanique;Loess;x;Non carbonaté;x;Faite;
2009;Bioindicateur.2;Feucherolles;B09-Fe-Té-3;TEM3;Mars - avril 2009;0-15;Culture;GC;Culture témoin;15,48033848;77,89945246;6,620209059;Limon argileux;Feucherolles;Yvelines (78);;;;48.89634194 N, 1.97352350 E;48.89634194 N;1.97352350 E;219;x;LUVISOL;Tempéré océanique;Loess;x;Non carbonaté;x;Faite;
2009;Bioindicateur.2;Feucherolles;B09-Fe-Té-4;TEM4;Mars - avril 2009;0-15;Culture;GC;Culture témoin;15,48033848;77,89945246;6,620209059;Limon argileux;Feucherolles;Yvelines (78);;;;48.89634194 N, 1.97352350 E;48.89634194 N;1.97352350 E;219;x;LUVISOL;Tempéré océanique;Loess;x;Non carbonaté;x;Faite;
2009;Bioindicateur.2;Feucherolles;B09-Fe-FUM-1;FUM1;Mars - avril 2009;0-15;Culture;GC;Culture + Fumier;15,6078039;77,68884442;6,703351676;Limon argileux;Feucherolles;Yvelines (78);;;;48.89634194 N, 1.97352350 E;48.89634194 N;1.97352350 E;219;x;LUVISOL;Tempéré océanique;Loess;x;Non carbonaté;x;Faite;
2009;Bioindicateur.2;Feucherolles;B09-Fe-FUM-2;FUM2;Mars - avril 2009;0-15;Culture;GC;Culture + Fumier;15,6078039;77,68884442;6,703351676;Limon argileux;Feucherolles;Yvelines (78);;;;48.89634194 N, 1.97352350 E;48.89634194 N;1.97352350 E;219;x;LUVISOL;Tempéré océanique;Loess;x;Non carbonaté;x;Faite;
2009;Bioindicateur.2;Feucherolles;B09-Fe-FUM-3;FUM3;Mars - avril 2009;0-15;Culture;GC;Culture + Fumier;15,6078039;77,68884442;6,703351676;Limon argileux;Feucherolles;Yvelines (78);;;;48.89634194 N, 1.97352350 E;48.89634194 N;1.97352350 E;219;x;LUVISOL;Tempéré océanique;Loess;x;Non carbonaté;x;Faite;
2009;Bioindicateur.2;Feucherolles;B09-Fe-FUM-4;FUM4;Mars - avril 2009;0-15;Culture;GC;Culture + Fumier;15,6078039;77,68884442;6,703351676;Limon argileux;Feucherolles;Yvelines (78);;;;48.89634194 N, 1.97352350 E;48.89634194 N;1.97352350 E;219;x;LUVISOL;Tempéré océanique;Loess;x;Non carbonaté;x;Faite;
2009;Bioindicateur.2;Feucherolles;B09-Fe-BIO-1;CBIO1;Mars - avril 2009;0-15;Culture;GC;Culture + Fraction fermentescible et Bio-déchets;16,05;77,1;6,85;Limon argileux;Feucherolles;Yvelines (78);;;;48.89634194 N, 1.97352350 E;48.89634194 N;1.97352350 E;219;x;LUVISOL;Tempéré océanique;Loess;x;Non carbonaté;x;Faite;
2009;Bioindicateur.2;Feucherolles;B09-Fe-BIO-2;CBIO2;Mars - avril 2009;0-15;Culture;GC;Culture + Fraction fermentescible et Bio-déchets;16,05;77,1;6,85;Limon argileux;Feucherolles;Yvelines (78);;;;48.89634194 N, 1.97352350 E;48.89634194 N;1.97352350 E;219;x;LUVISOL;Tempéré océanique;Loess;x;Non carbonaté;x;Faite;
2009;Bioindicateur.2;Feucherolles;B09-Fe-BIO-3;CBIO3;Mars - avril 2009;0-15;Culture;GC;Culture + Fraction fermentescible et Bio-déchets;16,05;77,1;6,85;Limon argileux;Feucherolles;Yvelines (78);;;;48.89634194 N, 1.97352350 E;48.89634194 N;1.97352350 E;219;x;LUVISOL;Tempéré océanique;Loess;x;Non carbonaté;x;Faite;
2009;Bioindicateur.2;Feucherolles;B09-Fe-BIO-4;CBIO4;Mars - avril 2009;0-15;Culture;GC;Culture + Fraction fermentescible et Bio-déchets;16,05;77,1;6,85;Limon argileux;Feucherolles;Yvelines (78);;;;48.89634194 N, 1.97352350 E;48.89634194 N;1.97352350 E;219;x;LUVISOL;Tempéré océanique;Loess;x;Non carbonaté;x;Faite;
2009;Bioindicateur.2;Feucherolles;B09-Fe-DVB-1;CBOU1;Mars - avril 2009;0-15;Culture;GC;Culture + Compost de boues et déchets verts;15,01996008;77,79441118;7,185628743;Limon argileux;Feucherolles;Yvelines (78);;;;48.89634194 N, 1.97352350 E;48.89634194 N;1.97352350 E;219;x;LUVISOL;Tempéré océanique;Loess;x;Non carbonaté;x;Faite;
2009;Bioindicateur.2;Feucherolles;B09-Fe-DVB-2;CBOU2;Mars - avril 2009;0-15;Culture;GC;Culture + Compost de boues et déchets verts;15,01996008;77,79441118;7,185628743;Limon argileux;Feucherolles;Yvelines (78);;;;48.89634194 N, 1.97352350 E;48.89634194 N;1.97352350 E;219;x;LUVISOL;Tempéré océanique;Loess;x;Non carbonaté;x;Faite;
2009;Bioindicateur.2;Feucherolles;B09-Fe-DVB-3;CBOU3;Mars - avril 2009;0-15;Culture;GC;Culture + Compost de boues et déchets verts;15,01996008;77,79441118;7,185628743;Limon argileux;Feucherolles;Yvelines (78);;;;48.89634194 N, 1.97352350 E;48.89634194 N;1.97352350 E;219;x;LUVISOL;Tempéré océanique;Loess;x;Non carbonaté;x;Faite;
2009;Bioindicateur.2;Feucherolles;B09-Fe-DVB-4;CBOU4;Mars - avril 2009;0-15;Culture;GC;Culture + Compost de boues et déchets verts;15,01996008;77,79441118;7,185628743;Limon argileux;Feucherolles;Yvelines (78);;;;48.89634194 N, 1.97352350 E;48.89634194 N;1.97352350 E;219;x;LUVISOL;Tempéré océanique;Loess;x;Non carbonaté;x;Faite;
2009;Bioindicateur.2;Feucherolles;B09-Fe-OMR-1;OMR1;Mars - avril 2009;0-15;Culture;GC;Culture + Compost d’Ordures Ménagères;15,45772886;77,43871936;7,103551776;Limon argileux;Feucherolles;Yvelines (78);;;;48.89634194 N, 1.97352350 E;48.89634194 N;1.97352350 E;219;x;LUVISOL;Tempéré océanique;Loess;x;Non carbonaté;x;Faite;
2009;Bioindicateur.2;Feucherolles;B09-Fe-OMR-2;OMR2;Mars - avril 2009;0-15;Culture;GC;Culture + Compost d’Ordures Ménagères;15,45772886;77,43871936;7,103551776;Limon argileux;Feucherolles;Yvelines (78);;;;48.89634194 N, 1.97352350 E;48.89634194 N;1.97352350 E;219;x;LUVISOL;Tempéré océanique;Loess;x;Non carbonaté;x;Faite;
2009;Bioindicateur.2;Feucherolles;B09-Fe-OMR-3;OMR3;Mars - avril 2009;0-15;Culture;GC;Culture + Compost d’Ordures Ménagères;15,45772886;77,43871936;7,103551776;Limon argileux;Feucherolles;Yvelines (78);;;;48.89634194 N, 1.97352350 E;48.89634194 N;1.97352350 E;219;x;LUVISOL;Tempéré océanique;Loess;x;Non carbonaté;x;Faite;
2009;Bioindicateur.2;Feucherolles;B09-Fe-OMR-4;OMR4;Mars - avril 2009;0-15;Culture;GC;Culture + Compost d’Ordures Ménagères;15,45772886;77,43871936;7,103551776;Limon argileux;Feucherolles;Yvelines (78);;;;48.89634194 N, 1.97352350 E;48.89634194 N;1.97352350 E;219;x;LUVISOL;Tempéré océanique;Loess;x;Non carbonaté;x;Faite;
2009;Bioindicateur.2;MetalEurop;B09-Me-98FA-1;98F1;Mars - avril 2009;0-15;Forêt;Forêt contaminée;Contamination métallique + Forêt;29,77977978;60,11011011;10,11011011;argile limoneuse;Metaleurop;Pas-de-Calais (62);;;;50.431727 N, 3.026130 E;50.431727 N;3.026130 E;22;x;FLUVIOSOLS-REDOXISOLS carbonatés;Tempéré océanique;Alluvions;x;x;x;Faite;
2009;Bioindicateur.2;MetalEurop;B09-Me-98FA-2;98F2;Mars - avril 2009;0-15;Forêt;Forêt contaminée;Contamination métallique + Forêt;29,77977978;60,11011011;10,11011011;argile limoneuse;Metaleurop;Pas-de-Calais (62);;;;50.431727 N, 3.026130 E;50.431727 N;3.026130 E;22;x;FLUVIOSOLS-REDOXISOLS carbonatés;Tempéré océanique;Alluvions;x;x;x;Faite;
2009;Bioindicateur.2;MetalEurop;B09-Me-98FA-3;98F3;Mars - avril 2009;0-15;Forêt;Forêt contaminée;Contamination métallique + Forêt;29,77977978;60,11011011;10,11011011;argile limoneuse;Metaleurop;Pas-de-Calais (62);;;;50.431727 N, 3.026130 E;50.431727 N;3.026130 E;22;x;FLUVIOSOLS-REDOXISOLS carbonatés;Tempéré océanique;Alluvions;x;x;x;Faite;
2009;Bioindicateur.2;MetalEurop;B09-Me-98FA-4;98F4;Mars - avril 2009;0-15;Forêt;Forêt contaminée;Contamination métallique + Forêt;29,77977978;60,11011011;10,11011011;argile limoneuse;Metaleurop;Pas-de-Calais (62);;;;50.431727 N, 3.026130 E;50.431727 N;3.026130 E;22;x;FLUVIOSOLS-REDOXISOLS carbonatés;Tempéré océanique;Alluvions;x;x;x;Faite;
2009;Bioindicateur.2;MetalEurop;B09-Me-117-F-1;117F1;Mars - avril 2009;0-15;Forêt;Forêt contaminée;Contamination métallique + Forêt;29,44416625;60,94141212;9,614421632;argile limoneuse;Metaleurop;Pas-de-Calais (62);;;;50.428464 N, 3.033433 E;50.428464 N; 3.033433 E;22;x;FLUVIOSOLS-REDOXISOLS carbonatés;Tempéré océanique;Alluvions;x;x;x;Faite;
2009;Bioindicateur.2;MetalEurop;B09-Me-117-F-2;117F2;Mars - avril 2009;0-15;Forêt;Forêt contaminée;Contamination métallique + Forêt;29,44416625;60,94141212;9,614421632;argile limoneuse;Metaleurop;Pas-de-Calais (62);;;;50.428464 N, 3.033433 E;50.428464 N; 3.033433 E;22;x;FLUVIOSOLS-REDOXISOLS carbonatés;Tempéré océanique;Alluvions;x;x;x;Faite;
2009;Bioindicateur.2;MetalEurop;B09-Me-117-F-3;117F3;Mars - avril 2009;0-15;Forêt;Forêt contaminée;Contamination métallique + Forêt;29,44416625;60,94141212;9,614421632;argile limoneuse;Metaleurop;Pas-de-Calais (62);;;;50.428464 N, 3.033433 E;50.428464 N; 3.033433 E;22;x;FLUVIOSOLS-REDOXISOLS carbonatés;Tempéré océanique;Alluvions;x;x;x;Faite;
2009;Bioindicateur.2;MetalEurop;B09-Me-117-F-4;117F4;Mars - avril 2009;0-15;Forêt;Forêt contaminée;Contamination métallique + Forêt;29,44416625;60,94141212;9,614421632;argile limoneuse;Metaleurop;Pas-de-Calais (62);;;;50.428464 N, 3.033433 E;50.428464 N; 3.033433 E;22;x;FLUVIOSOLS-REDOXISOLS carbonatés;Tempéré océanique;Alluvions;x;x;x;Faite;
2009;Bioindicateur.2;MetalEurop;B09-Me-117-C-1;117C1;Mars - avril 2009;0-15;Culture;GC contaminée;Contamination métallique + Culture;31,73652695;47,25548902;21,00798403;argile limoneux-sableuse;Metaleurop;Pas-de-Calais (62);;;;50.429919 N, 3.038383 E;50.429919 N;3.038383 E;22;x;FLUVIOSOLS-REDOXISOLS carbonatés;Tempéré océanique;Alluvions;x;x;x;Faite;
2009;Bioindicateur.2;MetalEurop;B09-Me-117-C-2;117C2;Mars - avril 2009;0-15;Culture;GC contaminée;Contamination métallique + Culture;31,73652695;47,25548902;21,00798403;argile limoneux-sableuse;Metaleurop;Pas-de-Calais (62);;;;50.429919 N, 3.038383 E;50.429919 N;3.038383 E;22;x;FLUVIOSOLS-REDOXISOLS carbonatés;Tempéré océanique;Alluvions;x;x;x;Faite;
2009;Bioindicateur.2;MetalEurop;B09-Me-117-C-3;117C3;Mars - avril 2009;0-15;Culture;GC contaminée;Contamination métallique + Culture;31,73652695;47,25548902;21,00798403;argile limoneux-sableuse;Metaleurop;Pas-de-Calais (62);;;;50.429919 N, 3.038383 E;50.429919 N;3.038383 E;22;x;FLUVIOSOLS-REDOXISOLS carbonatés;Tempéré océanique;Alluvions;x;x;x;Faite;
2009;Bioindicateur.2;MetalEurop;B09-Me-117-C-4;117C4;Mars - avril 2009;0-15;Culture;GC contaminée;Contamination métallique + Culture;31,73652695;47,25548902;21,00798403;argile limoneux-sableuse;Metaleurop;Pas-de-Calais (62);;;;50.429919 N, 3.038383 E;50.429919 N;3.038383 E;22;x;FLUVIOSOLS-REDOXISOLS carbonatés;Tempéré océanique;Alluvions;x;x;x;Faite;
2009;Bioindicateur.2;MetalEurop;B09-Me- 103-F-1;103F1;Mars - avril 2009;0-15;Forêt;Forêt contaminée;Contamination métallique + Forêt;20,20958084;28,24351297;51,54690619;sable argilo-limoneux;Metaleurop;Pas-de-Calais (62);;;;50.447259 N, 3.047684 E;50.447259 N; 3.047684 E;26;x;BRUNISOLS rédoxiques;Tempéré océanique;Loess;x;x;x;Faite;
2009;Bioindicateur.2;MetalEurop;B09-Me- 103-F-2;103F2;Mars - avril 2009;0-15;Forêt;Forêt contaminée;Contamination métallique + Forêt;20,20958084;28,24351297;51,54690619;sable argilo-limoneux;Metaleurop;Pas-de-Calais (62);;;;50.447259 N, 3.047684 E;50.447259 N; 3.047684 E;26;x;BRUNISOLS rédoxiques;Tempéré océanique;Loess;x;x;x;Faite;
2009;Bioindicateur.2;MetalEurop;B09-Me- 103-F-3;103F3;Mars - avril 2009;0-15;Forêt;Forêt contaminée;Contamination métallique + Forêt;20,20958084;28,24351297;51,54690619;sable argilo-limoneux;Metaleurop;Pas-de-Calais (62);;;;50.447259 N, 3.047684 E;50.447259 N; 3.047684 E;26;x;BRUNISOLS rédoxiques;Tempéré océanique;Loess;x;x;x;Faite;
2009;Bioindicateur.2;MetalEurop;B09-Me- 103-F-4;103F4;Mars - avril 2009;0-15;Forêt;Forêt contaminée;Contamination métallique + Forêt;20,20958084;28,24351297;51,54690619;sable argilo-limoneux;Metaleurop;Pas-de-Calais (62);;;;50.447259 N, 3.047684 E;50.447259 N; 3.047684 E;26;x;BRUNISOLS rédoxiques;Tempéré océanique;Loess;x;x;x;Faite;
2009;Bioindicateur.2;MetalEurop;B09-Me- 103-C-1;103C1;Mars - avril 2009;0-15;Culture;GC contaminée;Contamination métallique + Culture;18,13627255;36,62324649;45,24048096;limon sablo-argileux;Metaleurop;Pas-de-Calais (62);;;;50.447259 N, 3.047684 E;50.447259 N; 3.047684 E;26;x;BRUNISOLS rédoxiques;Tempéré océanique;Loess;x;x;x;Faite;
2009;Bioindicateur.2;MetalEurop;B09-Me- 103-C-2;103C2;Mars - avril 2009;0-15;Culture;GC contaminée;Contamination métallique + Culture;18,13627255;36,62324649;45,24048096;limon sablo-argileux;Metaleurop;Pas-de-Calais (62);;;;50.447259 N, 3.047684 E;50.447259 N; 3.047684 E;26;x;BRUNISOLS rédoxiques;Tempéré océanique;Loess;x;x;x;Faite;
2009;Bioindicateur.2;MetalEurop;B09-Me- 103-C-3;103C3;Mars - avril 2009;0-15;Culture;GC contaminée;Contamination métallique + Culture;18,13627255;36,62324649;45,24048096;limon sablo-argileux;Metaleurop;Pas-de-Calais (62);;;;50.447259 N, 3.047684 E;50.447259 N; 3.047684 E;26;x;BRUNISOLS rédoxiques;Tempéré océanique;Loess;x;x;x;Faite;
2009;Bioindicateur.2;MetalEurop;B09-Me- 103-C-4;103C4;Mars - avril 2009;0-15;Culture;GC contaminée;Contamination métallique + Culture;18,13627255;36,62324649;45,24048096;limon sablo-argileux;Metaleurop;Pas-de-Calais (62);;;;50.447259 N, 3.047684 E;50.447259 N; 3.047684 E;26;x;BRUNISOLS rédoxiques;Tempéré océanique;Loess;x;x;x;Faite;
2009;Bioindicateur.2;MetalEurop;B09-Me-Té-F-1;TEMF1;Mars - avril 2009;0-15;Forêt;Forêt;Contamination métallique + Forêt;16,28371628;52,44755245;31,26873127;limon sablo-argileux;Metaleurop;Pas-de-Calais (62);;;;50.503416 N, 3.098523 E;50.503416 N;3.098523 E;43;x;BRUNISOLS rédoxiques;Tempéré océanique;Loess;x;x;x;Faite;
2009;Bioindicateur.2;MetalEurop;B09-Me-Té-F-2;TEMF2;Mars - avril 2009;0-15;Forêt;Forêt;Contamination métallique + Forêt;16,28371628;52,44755245;31,26873127;limon sablo-argileux;Metaleurop;Pas-de-Calais (62);;;;50.503416 N, 3.098523 E;50.503416 N;3.098523 E;43;x;BRUNISOLS rédoxiques;Tempéré océanique;Loess;x;x;x;Faite;
2009;Bioindicateur.2;MetalEurop;B09-Me-Té-F-3;TEMF3;Mars - avril 2009;0-15;Forêt;Forêt;Contamination métallique + Forêt;16,28371628;52,44755245;31,26873127;limon sablo-argileux;Metaleurop;Pas-de-Calais (62);;;;50.503416 N, 3.098523 E;50.503416 N;3.098523 E;43;x;BRUNISOLS rédoxiques;Tempéré océanique;Loess;x;x;x;Faite;
2009;Bioindicateur.2;MetalEurop;B09-Me-Té-F-4;TEMF4;Mars - avril 2009;0-15;Forêt;Forêt;Contamination métallique + Forêt;16,28371628;52,44755245;31,26873127;limon sablo-argileux;Metaleurop;Pas-de-Calais (62);;;;50.503416 N, 3.098523 E;50.503416 N;3.098523 E;43;x;BRUNISOLS rédoxiques;Tempéré océanique;Loess;x;x;x;Faite;
2009;Bioindicateur.2;MetalEurop;B09-Me-Té-C-1;TEMC1;Mars - avril 2009;0-15;Culture;GC;Contamination métallique + Culture;18,06387226;52,99401198;28,94211577;limon sablo-argileux;Metaleurop;Pas-de-Calais (62);;;;50.503416 N, 3.098523 E;50.503416 N;3.098523 E;43;x;BRUNISOLS rédoxiques;Tempéré océanique;Loess;x;x;x;Faite;
2009;Bioindicateur.2;MetalEurop;B09-Me-Té-C-2;TEMC2;Mars - avril 2009;0-15;Culture;GC;Contamination métallique + Culture;18,06387226;52,99401198;28,94211577;limon sablo-argileux;Metaleurop;Pas-de-Calais (62);;;;50.503416 N, 3.098523 E;50.503416 N;3.098523 E;43;x;BRUNISOLS rédoxiques;Tempéré océanique;Loess;x;x;x;Faite;
2009;Bioindicateur.2;MetalEurop;B09-Me-Té-C-3;TEMC3;Mars - avril 2009;0-15;Culture;GC;Contamination métallique + Culture;18,06387226;52,99401198;28,94211577;limon sablo-argileux;Metaleurop;Pas-de-Calais (62);;;;50.503416 N, 3.098523 E;50.503416 N;3.098523 E;43;x;BRUNISOLS rédoxiques;Tempéré océanique;Loess;x;x;x;Faite;
2009;Bioindicateur.2;MetalEurop;B09-Me-Té-C-4;TEMC4;Mars - avril 2009;0-15;Culture;GC;Contamination métallique + Culture;18,06387226;52,99401198;28,94211577;limon sablo-argileux;Metaleurop;Pas-de-Calais (62);;;;50.503416 N, 3.098523 E;50.503416 N;3.098523 E;43;x;BRUNISOLS rédoxiques;Tempéré océanique;Loess;x;x;x;Faite;
2009;Bioindicateur.2;ECP08;B09-F08-1;EP1;Mars - avril 2009;0-15;Forêt;Forêt;Epicéa;26,24184646;63,17109885;10,58705469;limon argileux;ECP08;Ardennes (08);;;;49.925092 N, 4.872668 E;49.925092 N;4.872668 E;470;6;PODZOSOL OCRIQUE;Continental dégradé;Phyllade;x;x;x;Faite;
2009;Bioindicateur.2;ECP08;B09-F08-2;EP2;Mars - avril 2009;0-15;Forêt;Forêt;Epicéa;26,24184646;63,17109885;10,58705469;limon argileux;ECP08;Ardennes (08);;;;49.925092 N, 4.872668 E;49.925092 N;4.872668 E;470;6;PODZOSOL OCRIQUE;Continental dégradé;Phyllade;x;x;x;Faite;
2009;Bioindicateur.2;ECP08;B09-F08-3;EP3;Mars - avril 2009;0-15;Forêt;Forêt;Epicéa;26,24184646;63,17109885;10,58705469;limon argileux;ECP08;Ardennes (08);;;;49.925092 N, 4.872668 E;49.925092 N;4.872668 E;470;6;PODZOSOL OCRIQUE;Continental dégradé;Phyllade;x;x;x;Faite;
2009;Bioindicateur.2;ECP08;B09-F08-4;EP4;Mars - avril 2009;0-15;Forêt;Forêt;Epicéa;26,24184646;63,17109885;10,58705469;limon argileux;ECP08;Ardennes (08);;;;49.925092 N, 4.872668 E;49.925092 N;4.872668 E;470;6;PODZOSOL OCRIQUE;Continental dégradé;Phyllade;x;x;x;Faite;
2009;Bioindicateur.2;Gis-Fi;B09-GH-F-1;CONM1;Mars - avril 2009;0-15;Végétation/Friche;Friche contaminée;Contamination en HAP et métaux moyenne;14,60674157;22,98263534;62,41062308;sable argileux;GISFI;Meurthe et Moselle (54);;;;49.212148 N, 5.994971 E;49.212148 N;5.994971 E;225;x;TECHNOSOL;Semi-continental;x;x;x;x;Faite;
2009;Bioindicateur.2;Gis-Fi;B09-GH-F-2;CONM2;Mars - avril 2009;0-15;Végétation/Friche;Friche contaminée;Contamination en HAP et métaux moyenne;14,60674157;22,98263534;62,41062308;sable argileux;GISFI;Meurthe et Moselle (54);;;;49.212148 N, 5.994971 E;49.212148 N;5.994971 E;225;x;TECHNOSOL;Semi-continental;x;x;x;x;Faite;
2009;Bioindicateur.2;Gis-Fi;B09-GH-F-3;CONM3;Mars - avril 2009;0-15;Végétation/Friche;Friche contaminée;Contamination en HAP et métaux moyenne;14,60674157;22,98263534;62,41062308;sable argileux;GISFI;Meurthe et Moselle (54);;;;49.212148 N, 5.994971 E;49.212148 N;5.994971 E;225;x;TECHNOSOL;Semi-continental;x;x;x;x;Faite;
2009;Bioindicateur.2;Gis-Fi;B09-GH-F-4;CONM4;Mars - avril 2009;0-15;Végétation/Friche;Friche contaminée;Contamination en HAP et métaux moyenne;14,60674157;22,98263534;62,41062308;sable argileux;GISFI;Meurthe et Moselle (54);;;;49.212148 N, 5.994971 E;49.212148 N;5.994971 E;225;x;TECHNOSOL;Semi-continental;x;x;x;x;Faite;
2009;Bioindicateur.2;Gis-Fi;B09-GH-M-1;CONF1;Mars - avril 2009;0-15;Végétation/Friche;Friche contaminée;Contamination en HAP et métaux faible;9,390609391;17,13286713;73,47652348;sableux;GISFI;Meurthe et Moselle (54);;;;49.212148 N, 5.994971 E;49.212148 N;5.994971 E;225;x;TECHNOSOL;Semi-continental;x;x;x;x;Faite;
2009;Bioindicateur.2;Gis-Fi;B09-GH-M-2;CONF2;Mars - avril 2009;0-15;Végétation/Friche;Friche contaminée;Contamination en HAP et métaux faible;9,390609391;17,13286713;73,47652348;sableux;GISFI;Meurthe et Moselle (54);;;;49.212148 N, 5.994971 E;49.212148 N;5.994971 E;225;x;TECHNOSOL;Semi-continental;x;x;x;x;Faite;
2009;Bioindicateur.2;Gis-Fi;B09-GH-M-3;CONF3;Mars - avril 2009;0-15;Végétation/Friche;Friche contaminée;Contamination en HAP et métaux faible;9,390609391;17,13286713;73,47652348;sableux;GISFI;Meurthe et Moselle (54);;;;49.212148 N, 5.994971 E;49.212148 N;5.994971 E;225;x;TECHNOSOL;Semi-continental;x;x;x;x;Faite;
2009;Bioindicateur.2;Gis-Fi;B09-GH-M-4;CONF4;Mars - avril 2009;0-15;Végétation/Friche;Friche contaminée;Contamination en HAP et métaux faible;9,390609391;17,13286713;73,47652348;sableux;GISFI;Meurthe et Moselle (54);;;;49.212148 N, 5.994971 E;49.212148 N;5.994971 E;225;x;TECHNOSOL;Semi-continental;x;x;x;x;Faite;
2009;Bioindicateur.2;SP57;B09-F57-1;SP1;Mars - avril 2009;0-15;Forêt;Forêt;Sapin pectiné;4,43668993;7,278165503;88,28514457;sable;SP57;Moselle (57);;;;48.609525 N, 7.130794 E;48.609525 N;7.130794 E;400;20;BRUNISOL;Océanique dégradé;Grès vosgien;x;x;x;Faite;
2009;Bioindicateur.2;SP57;B09-F57-2;SP2;Mars - avril 2009;0-15;Forêt;Forêt;Sapin pectiné;4,43668993;7,278165503;88,28514457;sable;SP57;Moselle (57);;;;48.609525 N, 7.130794 E;48.609525 N;7.130794 E;400;20;BRUNISOL;Océanique dégradé;Grès vosgien;x;x;x;Faite;
2009;Bioindicateur.2;SP57;B09-F57-3;SP3;Mars - avril 2009;0-15;Forêt;Forêt;Sapin pectiné;4,43668993;7,278165503;88,28514457;sable;SP57;Moselle (57);;;;48.609525 N, 7.130794 E;48.609525 N;7.130794 E;400;20;BRUNISOL;Océanique dégradé;Grès vosgien;x;x;x;Faite;
2009;Bioindicateur.2;SP57;B09-F57-4;SP4;Mars - avril 2009;0-15;Forêt;Forêt;Sapin pectiné;4,43668993;7,278165503;88,28514457;sable;SP57;Moselle (57);;;;48.609525 N, 7.130794 E;48.609525 N;7.130794 E;400;20;BRUNISOL;Océanique dégradé;Grès vosgien;x;x;x;Faite;
2011;Bioindicateur.2;Andra;B10-An-C-1;B10AnC-1;Mars - avril 2011;0-15;;;;;;;;Andra;;;;;;;;;;;;;;;;En cours;
2011;Bioindicateur.2;Andra;B10-An-C-2;B10AnC-2;Mars - avril 2011;0-15;;;;;;;;Andra;;;;;;;;;;;;;;;;En cours;
2011;Bioindicateur.2;Andra;B10-An-C-3;B10AnC-3;Mars - avril 2011;0-15;;;;;;;;Andra;;;;;;;;;;;;;;;;En cours;
2011;Bioindicateur.2;Andra;B10-An-C-4;B10AnC-4;Mars - avril 2011;0-15;;;;;;;;Andra;;;;;;;;;;;;;;;;En cours;
2011;Bioindicateur.2;Andra;B10-An-F-1;B10AnF-1;Mars - avril 2011;0-15;;;;;;;;Andra;;;;;;;;;;;;;;;;En cours;
2011;Bioindicateur.2;Andra;B10-An-F-2;B10AnF-2;Mars - avril 2011;0-15;;;;;;;;Andra;;;;;;;;;;;;;;;;En cours;
2011;Bioindicateur.2;Andra;B10-An-F-3;B10AnF-3;Mars - avril 2011;0-15;;;;;;;;Andra;;;;;;;;;;;;;;;;En cours;
2011;Bioindicateur.2;Andra;B10-An-F-4;B10AnF-4;Mars - avril 2011;0-15;;;;;;;;Andra;;;;;;;;;;;;;;;;En cours;
2011;Bioindicateur.2;Andra;B10-An-P-1;B10AnP-1;Mars - avril 2011;0-15;;;;;;;;Andra;;;;;;;;;;;;;;;;En cours;
2011;Bioindicateur.2;Andra;B10-An-P-2;B10AnP-2;Mars - avril 2011;0-15;;;;;;;;Andra;;;;;;;;;;;;;;;;En cours;
2011;Bioindicateur.2;Andra;B10-An-P-3;B10AnP-3;Mars - avril 2011;0-15;;;;;;;;Andra;;;;;;;;;;;;;;;;En cours;
2011;Bioindicateur.2;Andra;B10-An-P-4;B10AnP-4;Mars - avril 2011;0-15;;;;;;;;Andra;;;;;;;;;;;;;;;;En cours;
